DATE,CLOSE,VOLUME
17-09-14,457.334015,21056800
18-09-14,424.440002,34483200
19-09-14,394.79599,37919700
20-09-14,408.903992,36863600
21-09-14,398.821014,26580100
22-09-14,402.152008,24127600
23-09-14,435.790985,45099500
24-09-14,423.204987,30627700
25-09-14,411.574005,26814400
26-09-14,404.424988,21460800
27-09-14,399.519989,15029300
28-09-14,377.181,23613300
29-09-14,375.46701,32497700
30-09-14,386.944,34707300
01-10-14,383.61499,26229400
02-10-14,375.071991,21777700
03-10-14,359.511993,30901200
04-10-14,328.865997,47236500
05-10-14,320.51001,83308096
06-10-14,330.07901,79011800
07-10-14,336.187012,49199900
08-10-14,352.940002,54736300
09-10-14,365.026001,83641104
10-10-14,361.562012,43665700
11-10-14,362.299011,13345200
12-10-14,378.549011,17552800
13-10-14,390.414001,35221400
14-10-14,400.869995,38491500
15-10-14,394.77301,25267100
16-10-14,382.556,26990000
17-10-14,383.757996,13600700
18-10-14,391.441986,11416800
19-10-14,389.54599,5914570
20-10-14,382.845001,16419000
21-10-14,386.475006,14188900
22-10-14,383.15799,11641300
23-10-14,358.416992,26456900
24-10-14,358.345001,15585700
25-10-14,347.270996,18127500
26-10-14,354.70401,11272500
27-10-14,352.989014,13033000
28-10-14,357.618011,7845880
29-10-14,335.591003,18192700
30-10-14,345.304993,30177900
31-10-14,338.321014,12545400
01-11-14,325.748993,16677200
02-11-14,325.891998,8603620
03-11-14,327.553986,12948500
04-11-14,330.492004,15655500
05-11-14,339.485992,19817200
06-11-14,349.290009,18797000
07-11-14,342.415009,16834200
08-11-14,345.488007,8535470
09-11-14,363.264008,24205600
10-11-14,366.924011,30450100
11-11-14,367.695007,15838900
12-11-14,423.561005,45783200
13-11-14,420.734985,58945000
14-11-14,397.817993,29589200
15-11-14,376.132996,15727500
16-11-14,387.881989,11905600
17-11-14,387.40799,41518800
18-11-14,375.197998,32222500
19-11-14,380.554993,18931800
20-11-14,357.839996,25233200
21-11-14,350.847992,29850100
22-11-14,352.920013,15273000
23-11-14,367.572998,15151600
24-11-14,376.901001,30930100
25-11-14,375.347992,25442200
26-11-14,368.369995,18601700
27-11-14,369.670013,8748030
28-11-14,376.446991,22946500
29-11-14,375.490997,15375600
30-11-14,378.046997,9194440
01-12-14,379.244995,11763000
02-12-14,381.315002,12364100
03-12-14,375.01001,13340100
04-12-14,369.604004,14529600
05-12-14,376.854004,15181800
06-12-14,374.785004,7009320
07-12-14,375.095001,6491650
08-12-14,361.908997,18898700
09-12-14,352.218994,32915500
10-12-14,346.36499,16427700
11-12-14,350.506012,32431300
12-12-14,352.541992,16989800
13-12-14,347.376007,11675900
14-12-14,351.631989,12415200
15-12-14,345.345001,17264200
16-12-14,327.062012,30864900
17-12-14,319.776001,37567900
18-12-14,311.395996,39173000
19-12-14,317.842987,23823100
20-12-14,329.955994,20856700
21-12-14,320.842987,15207600
22-12-14,331.885986,22315100
23-12-14,334.571991,16574200
24-12-14,322.533997,15092300
25-12-14,319.007996,9883640
26-12-14,327.924011,16410500
27-12-14,315.863007,15185200
28-12-14,317.239014,11676600
29-12-14,312.670013,12302500
30-12-14,310.737,12528300
31-12-14,320.192993,13942900
01-01-15,314.248993,8036550
02-01-15,315.032013,7860650
03-01-15,281.082001,33054400
04-01-15,264.195007,55629100
05-01-15,274.473999,43962800
06-01-15,286.188995,23245700
07-01-15,294.337006,24866800
08-01-15,283.348999,19982500
09-01-15,290.40799,18718600
10-01-15,274.79599,15264300
11-01-15,265.660004,18200800
12-01-15,267.79599,18880300
13-01-15,225.860992,72843904
14-01-15,178.102997,97638704
15-01-15,209.843994,81773504
16-01-15,208.097,38421000
17-01-15,199.259995,23469700
18-01-15,210.339005,30085100
19-01-15,214.860992,18658300
20-01-15,211.315002,24051100
21-01-15,226.897003,29924600
22-01-15,233.406006,33544600
23-01-15,232.878998,24621700
24-01-15,247.847,24782500
25-01-15,253.718002,33582700
26-01-15,273.472992,106794000
27-01-15,263.475006,44399000
28-01-15,233.914993,44352200
29-01-15,233.513,32213400
30-01-15,226.425003,26605200
31-01-15,217.464005,23348200
01-02-15,226.972,29128500
02-02-15,238.229004,30612100
03-02-15,227.268005,40783700
04-02-15,226.852997,26594300
05-02-15,217.110992,22516400
06-02-15,222.266006,24435300
07-02-15,227.753998,21604200
08-02-15,223.412003,17145200
09-02-15,220.110001,27791300
10-02-15,219.839005,21115100
11-02-15,219.184998,17201900
12-02-15,221.764008,15206200
13-02-15,235.427002,42744400
14-02-15,257.321014,49732500
15-02-15,234.824997,56552400
16-02-15,233.843002,28153700
17-02-15,243.610001,27363100
18-02-15,236.326004,25200800
19-02-15,240.283005,18270500
20-02-15,243.779007,23876700
21-02-15,244.533997,12284200
22-02-15,235.977005,19527000
23-02-15,238.891998,16400000
24-02-15,238.735001,14200400
25-02-15,237.470001,11496200
26-02-15,236.425995,13619400
27-02-15,253.828003,44013900
28-02-15,254.263,13949300
01-03-15,260.201996,25213700
02-03-15,275.670013,40465700
03-03-15,281.701996,50461300
04-03-15,273.09201,41383000
05-03-15,276.178009,41302400
06-03-15,272.722992,28918900
07-03-15,276.260986,17825900
08-03-15,274.354004,22067900
09-03-15,289.606995,59178200
10-03-15,291.76001,67770800
11-03-15,296.378998,33963900
12-03-15,294.354004,32585200
13-03-15,285.337006,31421500
14-03-15,281.88501,22612300
15-03-15,286.393005,11970100
16-03-15,290.592987,21516100
17-03-15,285.505005,21497200
18-03-15,256.299011,57008000
19-03-15,260.928009,52732000
20-03-15,261.748993,18456700
21-03-15,260.024994,17130100
22-03-15,267.959991,18438100
23-03-15,266.73999,22811900
24-03-15,245.595001,40073700
25-03-15,246.197006,35866900
26-03-15,248.531998,25730000
27-03-15,247.029007,17274900
28-03-15,252.798004,16040900
29-03-15,242.712997,21699400
30-03-15,247.526001,23009600
31-03-15,244.223999,22672000
01-04-15,247.272003,22877200
02-04-15,253.005005,26272600
03-04-15,254.322006,23146600
04-04-15,253.697006,12493500
05-04-15,260.597992,19649200
06-04-15,255.492004,20034200
07-04-15,253.179993,18467400
08-04-15,245.022003,30086400
09-04-15,243.675995,21643500
10-04-15,236.072006,28882000
11-04-15,236.552002,16365200
12-04-15,236.153,12387900
13-04-15,224.587006,31181800
14-04-15,219.158997,31719000
15-04-15,223.832993,22562000
16-04-15,228.572998,24805400
17-04-15,222.882004,20429800
18-04-15,223.356003,12939000
19-04-15,222.600006,15021500
20-04-15,224.626007,18364700
21-04-15,235.268997,24978000
22-04-15,234.175995,23847900
23-04-15,236.462006,17036000
24-04-15,231.268005,21448700
25-04-15,226.389999,13957200
26-04-15,219.429993,28943700
27-04-15,229.285995,38574000
28-04-15,225.854996,21469200
29-04-15,225.807999,18936500
30-04-15,236.145004,33818600
01-05-15,232.078995,18815300
02-05-15,234.929993,12535500
03-05-15,240.358002,18494100
04-05-15,239.018005,21223400
05-05-15,236.121002,23929100
06-05-15,229.781998,29587200
07-05-15,237.334,29064400
08-05-15,243.863007,27445500
09-05-15,241.832001,19790500
10-05-15,240.296005,15019100
11-05-15,242.158005,20892300
12-05-15,241.112,19282600
13-05-15,236.376999,27180100
14-05-15,236.929001,24413700
15-05-15,237.604996,16329400
16-05-15,236.153,11089700
17-05-15,236.802002,11134300
18-05-15,233.128006,16780300
19-05-15,231.947006,14241900
20-05-15,234.018005,15499400
21-05-15,235.343994,15108900
22-05-15,240.348007,27003000
23-05-15,238.871994,14605000
24-05-15,240.953003,11508000
25-05-15,237.110001,14423900
26-05-15,237.115997,16425000
27-05-15,237.283005,18837000
28-05-15,237.408005,13829600
29-05-15,237.095993,14805000
30-05-15,233.345001,14098600
31-05-15,230.190002,14730800
01-06-15,222.925995,26090500
02-06-15,225.802994,20459000
03-06-15,225.873993,17752400
04-06-15,224.324005,14728100
05-06-15,224.951996,18056500
06-06-15,225.619003,11131500
07-06-15,222.880997,13318400
08-06-15,228.488998,23378400
09-06-15,229.048004,28353100
10-06-15,228.802994,15904800
11-06-15,229.705002,14416000
12-06-15,229.981995,14017700
13-06-15,232.401993,13305300
14-06-15,233.542999,12165900
15-06-15,236.822998,19912100
16-06-15,250.895004,41612000
17-06-15,249.283997,43858400
18-06-15,249.007004,30980200
19-06-15,244.606003,23965300
20-06-15,245.212006,20608100
21-06-15,243.944,10600900
22-06-15,246.990005,17692500
23-06-15,244.296005,15108700
24-06-15,240.514999,17344900
25-06-15,242.798996,16133100
26-06-15,243.593994,13983500
27-06-15,250.990005,20488600
28-06-15,249.011002,15137600
29-06-15,257.063995,34742900
30-06-15,263.071991,44533800
01-07-15,258.621002,27029800
02-07-15,255.412003,21551900
03-07-15,256.335999,19033800
04-07-15,260.885986,15620400
05-07-15,271.912994,44156100
06-07-15,269.029999,49154800
07-07-15,266.207001,28857600
08-07-15,270.785004,36980200
09-07-15,269.227997,40301200
10-07-15,284.894012,100390000
11-07-15,293.11499,41109900
12-07-15,310.867004,56405000
13-07-15,292.053986,62053900
14-07-15,287.463989,28727200
15-07-15,285.82901,27486600
16-07-15,278.088989,49482600
17-07-15,279.471985,27591400
18-07-15,274.901001,25187100
19-07-15,273.614014,15332500
20-07-15,278.980988,22711400
21-07-15,275.833008,22930700
22-07-15,277.221985,19389800
23-07-15,276.049011,18531300
24-07-15,288.278015,37199400
25-07-15,288.696991,20662200
26-07-15,292.686005,16032300
27-07-15,293.623993,30592000
28-07-15,294.427002,25453600
29-07-15,289.589996,24672600
30-07-15,287.721985,21635800
31-07-15,284.649994,23629100
01-08-15,281.601013,18995000
02-08-15,282.614014,17722200
03-08-15,281.22699,21474100
04-08-15,285.217987,21908700
05-08-15,281.881989,20128000
06-08-15,278.576996,18792100
07-08-15,279.584991,42484800
08-08-15,260.997009,58533000
09-08-15,265.083008,23789600
10-08-15,264.470001,20979400
11-08-15,270.385986,25433900
12-08-15,266.376007,26815400
13-08-15,264.079987,27685500
14-08-15,265.679993,27091200
15-08-15,261.550995,19321100
16-08-15,258.506989,29717000
17-08-15,257.976013,21617900
18-08-15,211.078995,42147200
19-08-15,226.684006,60869200
20-08-15,235.350006,32275000
21-08-15,232.569,23173800
22-08-15,230.389999,23205900
23-08-15,228.169006,18406600
24-08-15,210.494995,59220700
25-08-15,221.608994,61089200
26-08-15,225.830994,31808000
27-08-15,224.768997,21905400
28-08-15,231.395996,31336600
29-08-15,229.779999,17142500
30-08-15,228.761002,19412600
31-08-15,230.056,20710700
01-09-15,228.121002,20575200
02-09-15,229.283997,18760400
03-09-15,227.182999,17482000
04-09-15,230.298004,20962400
05-09-15,235.018997,20671400
06-09-15,239.839996,25473700
07-09-15,239.847,21192200
08-09-15,243.606995,26879200
09-09-15,238.167999,23635700
10-09-15,238.477005,21215500
11-09-15,240.106995,19224700
12-09-15,235.229004,17962600
13-09-15,230.511993,18478800
14-09-15,230.643997,20997800
15-09-15,230.304001,19177800
16-09-15,229.091003,20144200
17-09-15,229.809998,18935400
18-09-15,232.975006,20242200
19-09-15,231.492996,12712600
20-09-15,231.212006,14444700
21-09-15,227.085007,19678800
22-09-15,230.617996,25009300
23-09-15,230.283005,17254100
24-09-15,234.529007,25097800
25-09-15,235.143997,22363600
26-09-15,234.339996,13724100
27-09-15,232.757004,14179900
28-09-15,239.141998,24713000
29-09-15,236.686996,22691300
30-09-15,236.059998,19743500
01-10-15,237.548996,20488800
02-10-15,237.292999,19677900
03-10-15,238.729996,16482700
04-10-15,238.259003,12999000
05-10-15,240.382996,23335900
06-10-15,246.063004,27535100
07-10-15,242.968994,22999200
08-10-15,242.304001,18515300
09-10-15,243.931,17353100
10-10-15,244.940994,15912700
11-10-15,247.050003,16827300
12-10-15,245.307999,17388300
13-10-15,249.507996,28198500
14-10-15,251.988998,27462600
15-10-15,254.320007,25223500
16-10-15,262.868988,35901500
17-10-15,270.640015,43199600
18-10-15,261.643005,22434300
19-10-15,263.437012,25258800
20-10-15,269.463013,30889800
21-10-15,266.272003,25637300
22-10-15,274.02301,37808600
23-10-15,276.496002,29442500
24-10-15,281.653992,25942400
25-10-15,283.679993,45717100
26-10-15,285.299988,32108800
27-10-15,293.787994,46331800
28-10-15,304.618011,50808100
29-10-15,313.855011,64495900
30-10-15,328.015015,78305000
31-10-15,314.165985,48598100
01-11-15,325.431,37001100
02-11-15,361.188995,101918000
03-11-15,403.416992,206162000
04-11-15,411.562988,263900000
05-11-15,386.354004,151824992
06-11-15,374.470001,122687000
07-11-15,386.481995,56625100
08-11-15,373.368011,51817600
09-11-15,380.256989,68224400
10-11-15,336.819,95797904
11-11-15,311.084015,107070000
12-11-15,338.152008,78477800
13-11-15,336.752991,52003000
14-11-15,332.906006,38612000
15-11-15,320.165985,44213100
16-11-15,330.751007,47980100
17-11-15,335.093994,51001600
18-11-15,334.589996,43783800
19-11-15,326.148987,45011100
20-11-15,322.022003,53152900
21-11-15,326.927002,28200500
22-11-15,324.536011,23439400
23-11-15,323.04599,27478900
24-11-15,320.04599,29362600
25-11-15,328.205994,41666900
26-11-15,352.68399,106105000
27-11-15,358.041992,55179100
28-11-15,357.381012,36816600
29-11-15,371.294006,40409300
30-11-15,377.321014,71701600
01-12-15,362.488007,60452200
02-12-15,359.187012,54160500
03-12-15,361.04599,50714900
04-12-15,363.183014,35784100
05-12-15,388.949005,66282200
06-12-15,388.78299,77762000
07-12-15,395.536011,63455800
08-12-15,415.562988,57801400
09-12-15,417.562988,90917200
10-12-15,415.479004,52138900
11-12-15,451.937988,110944000
12-12-15,434.997009,131969000
13-12-15,433.755005,55050600
14-12-15,444.182007,130496000
15-12-15,465.321014,83121104
16-12-15,454.93399,107944000
17-12-15,456.078003,47978400
18-12-15,463.615997,60220100
19-12-15,462.321991,47892700
20-12-15,442.684998,75409400
21-12-15,438.639008,77639696
22-12-15,436.571991,50840400
23-12-15,442.401001,47161400
24-12-15,454.984985,57157200
25-12-15,455.653015,39078500
26-12-15,417.273987,116166000
27-12-15,422.822998,53591200
28-12-15,422.278992,49638600
29-12-15,432.983002,51596500
30-12-15,426.619995,46889400
31-12-15,430.566986,45996600
01-01-16,434.334015,36278900
02-01-16,433.437988,30096600
03-01-16,430.010986,39633800
04-01-16,433.091003,38477500
05-01-16,431.959991,34522600
06-01-16,429.105011,34042500
07-01-16,458.048004,87562200
08-01-16,453.230011,56993000
09-01-16,447.610992,32278000
10-01-16,447.990997,35995900
11-01-16,448.428009,40450000
12-01-16,435.690002,115607000
13-01-16,432.371002,173888000
14-01-16,430.306,43945500
15-01-16,364.330994,153351008
16-01-16,387.536011,120352000
17-01-16,382.299011,45319600
18-01-16,387.167999,54403900
19-01-16,380.148987,46819800
20-01-16,420.230011,121720000
21-01-16,410.261993,68338000
22-01-16,382.492004,91546600
23-01-16,387.490997,56247400
24-01-16,402.971008,54824800
25-01-16,391.726013,59062400
26-01-16,392.153015,58147000
27-01-16,394.971985,47424400
28-01-16,380.289001,59247900
29-01-16,379.473999,86125296
30-01-16,378.255005,30284400
31-01-16,368.766998,37894300
01-02-16,373.056,51656700
02-02-16,374.447998,40378700
03-02-16,369.949005,45933400
04-02-16,389.593994,69285504
05-02-16,386.549011,43825000
06-02-16,376.522003,49249300
07-02-16,376.619995,37076300
08-02-16,373.446991,47671100
09-02-16,376.028992,55318500
10-02-16,381.648987,85130896
11-02-16,379.653992,74375600
12-02-16,384.263,67042800
13-02-16,391.859985,61911700
14-02-16,407.230011,74469800
15-02-16,400.184998,74070496
16-02-16,407.488007,73093104
17-02-16,416.321991,83193600
18-02-16,422.372986,76752600
19-02-16,420.785004,55711300
20-02-16,437.164001,93992096
21-02-16,438.798004,89820704
22-02-16,437.747986,85385200
23-02-16,420.735992,85244896
24-02-16,424.954987,67743696
25-02-16,424.544006,70798000
26-02-16,432.152008,61486000
27-02-16,432.519012,41893600
28-02-16,433.503998,53033400
29-02-16,437.696991,60694700
01-03-16,435.122986,74895800
02-03-16,423.989014,74955296
03-03-16,421.651001,100484000
04-03-16,410.938995,90856096
05-03-16,400.570007,135384992
06-03-16,407.707001,91212496
07-03-16,414.321014,85762400
08-03-16,413.971985,70311696
09-03-16,414.859985,70012304
10-03-16,417.131012,81022896
11-03-16,421.690002,73969696
12-03-16,411.623993,92712896
13-03-16,414.065002,74322800
14-03-16,416.437988,95259400
15-03-16,416.829987,66781700
16-03-16,417.010986,65185800
17-03-16,420.621002,83528600
18-03-16,409.548004,104940000
19-03-16,410.444,58423000
20-03-16,413.755005,45947900
21-03-16,413.307007,61655400
22-03-16,418.088989,66813300
23-03-16,418.040985,61444200
24-03-16,416.394012,68346704
25-03-16,417.177002,52560000
26-03-16,417.945007,44650400
27-03-16,426.765015,71229400
28-03-16,424.230988,68522800
29-03-16,416.515991,75411504
30-03-16,414.81601,66034100
31-03-16,416.729004,60215200
01-04-16,417.959991,51235700
02-04-16,420.872986,45681200
03-04-16,420.903992,38053700
04-04-16,421.444,50634300
05-04-16,424.029999,60718000
06-04-16,423.412994,59091000
07-04-16,422.744995,57858600
08-04-16,420.348999,63454700
09-04-16,419.411011,49792700
10-04-16,421.563995,73478600
11-04-16,422.483002,50747500
12-04-16,425.190002,70728800
13-04-16,423.734009,69060400
14-04-16,424.282013,45281000
15-04-16,429.713013,54801500
16-04-16,430.571991,39392800
17-04-16,427.398987,52125900
18-04-16,428.591003,55670900
19-04-16,435.509003,52810500
20-04-16,441.389008,72890096
21-04-16,449.424988,68204704
22-04-16,445.737,58804400
23-04-16,450.282013,50485400
24-04-16,458.554993,68198400
25-04-16,461.425995,87091800
26-04-16,466.088989,78971904
27-04-16,444.687012,93564896
28-04-16,449.010986,74064704
29-04-16,455.096985,49258500
30-04-16,448.317993,69322600
01-05-16,451.875,40660100
02-05-16,444.669006,92127000
03-05-16,450.303986,59366400
04-05-16,446.721985,50407300
05-05-16,447.976013,50440800
06-05-16,459.602997,72796800
07-05-16,458.536011,38364500
08-05-16,458.548004,40315000
09-05-16,460.483002,55493100
10-05-16,450.894989,58956100
11-05-16,452.727997,50605200
12-05-16,454.765991,59849300
13-05-16,455.670013,60845000
14-05-16,455.67099,37209000
15-05-16,457.567993,28514000
16-05-16,454.162994,59171500
17-05-16,453.78299,64100300
18-05-16,454.618988,86850096
19-05-16,438.714996,96027400
20-05-16,442.675995,81987904
21-05-16,443.187988,42762300
22-05-16,439.322998,39657600
23-05-16,444.154999,50582500
24-05-16,445.980988,65783100
25-05-16,449.598999,65231000
26-05-16,453.384003,65203800
27-05-16,473.463989,164780992
28-05-16,530.039978,181199008
29-05-16,526.232971,148736992
30-05-16,533.864014,87958704
31-05-16,531.385986,138450000
01-06-16,536.919983,86061800
02-06-16,537.971985,60378200
03-06-16,569.19397,122020000
04-06-16,572.72699,94925296
05-06-16,574.97699,68874096
06-06-16,585.536987,72138896
07-06-16,576.596985,107770000
08-06-16,581.64502,80265800
09-06-16,574.630005,71301000
10-06-16,577.469971,66991900
11-06-16,606.72699,82357000
12-06-16,672.783997,277084992
13-06-16,704.375977,243295008
14-06-16,685.559021,186694000
15-06-16,694.468994,99223800
16-06-16,766.307983,271633984
17-06-16,748.908997,363320992
18-06-16,756.22699,252718000
19-06-16,763.781006,136184992
20-06-16,737.226013,174511008
21-06-16,666.651978,309944000
22-06-16,596.116028,266392992
23-06-16,623.97699,253462000
24-06-16,665.299011,224316992
25-06-16,665.122986,126656000
26-06-16,629.367004,109225000
27-06-16,655.275024,122134000
28-06-16,647.000977,138384992
29-06-16,639.890015,142456000
30-06-16,673.336975,138980000
01-07-16,676.296021,134431008
02-07-16,703.702026,112354000
03-07-16,658.664001,129512000
04-07-16,683.661987,92008400
05-07-16,670.627014,130476000
06-07-16,677.330994,134960992
07-07-16,640.562012,258091008
08-07-16,666.52301,141970000
09-07-16,650.960022,180536000
10-07-16,649.359985,102532000
11-07-16,647.658997,107910000
12-07-16,664.551025,138172992
13-07-16,654.468018,131449000
14-07-16,658.078003,98511400
15-07-16,663.255005,81673104
16-07-16,660.767029,50330200
17-07-16,679.458984,74407904
18-07-16,673.106018,69465000
19-07-16,672.864014,61203300
20-07-16,665.684998,94636400
21-07-16,665.012024,60491800
22-07-16,650.619019,134169000
23-07-16,655.55603,69532200
24-07-16,661.284973,118184000
25-07-16,654.096985,78176496
26-07-16,651.783997,225135008
27-07-16,654.35199,147460992
28-07-16,655.034973,86428400
29-07-16,656.992004,60703500
30-07-16,655.046997,38456100
31-07-16,624.68103,110818000
01-08-16,606.271973,121887000
02-08-16,547.465027,330932992
03-08-16,566.35498,207982000
04-08-16,578.289001,125292000
05-08-16,575.04303,66127900
06-08-16,587.778015,80797296
07-08-16,592.690002,82398400
08-08-16,591.054016,61194100
09-08-16,587.801025,92228096
10-08-16,592.103027,102905000
11-08-16,589.119995,74514400
12-08-16,587.559021,69218000
13-08-16,585.588013,43563000
14-08-16,570.473022,60851100
15-08-16,567.23999,57262300
16-08-16,577.439026,58405200
17-08-16,573.216003,54443000
18-08-16,574.317993,59896600
19-08-16,575.630005,50631600
20-08-16,581.697021,45301400
21-08-16,581.307983,38299400
22-08-16,586.752991,72844000
23-08-16,583.414978,85349200
24-08-16,580.182007,56328200
25-08-16,577.760986,136130000
26-08-16,579.651001,48856800
27-08-16,569.947021,59698300
28-08-16,573.911987,86301600
29-08-16,574.106995,110398000
30-08-16,577.502991,70342400
31-08-16,575.471985,75840896
01-09-16,572.302979,76923400
02-09-16,575.536987,79910800
03-09-16,598.211975,159014000
04-09-16,608.633972,97942896
05-09-16,606.590027,82446800
06-09-16,610.435974,78529104
07-09-16,614.544006,75032400
08-09-16,626.315979,86713000
09-09-16,622.861023,64550200
10-09-16,623.508972,45016800
11-09-16,606.718994,73610800
12-09-16,608.242981,72812304
13-09-16,609.241028,86920600
14-09-16,610.684021,47877700
15-09-16,607.155029,59464600
16-09-16,606.973022,64963400
17-09-16,605.984009,37140300
18-09-16,609.874023,48679400
19-09-16,609.22699,54796400
20-09-16,608.312012,72710896
21-09-16,597.148987,82776200
22-09-16,596.297974,67085300
23-09-16,602.84198,51067000
24-09-16,602.625,35359500
25-09-16,600.825989,33977800
26-09-16,608.04303,59153800
27-09-16,606.166016,49422400
28-09-16,604.728027,48722600
29-09-16,605.692993,55658600
30-09-16,609.734985,56122400
01-10-16,613.982971,56357000
02-10-16,610.892029,39249800
03-10-16,612.132996,46798300
04-10-16,610.203979,49801600
05-10-16,612.510986,68077504
06-10-16,613.020996,56812100
07-10-16,617.120972,64071400
08-10-16,619.107971,42345900
09-10-16,616.752014,39243400
10-10-16,618.994019,67481104
11-10-16,641.072021,103590000
12-10-16,636.192017,92370200
13-10-16,636.786011,61620700
14-10-16,640.377991,58144600
15-10-16,638.645996,39035400
16-10-16,641.630981,40298100
17-10-16,639.192993,58063600
18-10-16,637.960022,65546700
19-10-16,630.52002,69381696
20-10-16,630.856995,56957300
21-10-16,632.828003,55951000
22-10-16,657.294006,78556496
23-10-16,657.070984,54474600
24-10-16,653.760986,62218200
25-10-16,657.588013,90378800
26-10-16,678.304016,88877104
27-10-16,688.312988,96105296
28-10-16,689.651001,81145504
29-10-16,714.479004,134760992
30-10-16,701.864014,100665000
31-10-16,700.971985,97064400
01-11-16,729.79303,130527000
02-11-16,740.828979,84865200
03-11-16,688.700012,172808000
04-11-16,703.234985,99907696
05-11-16,703.41803,53752300
06-11-16,711.521973,59902200
07-11-16,703.130981,65047100
08-11-16,709.848022,79660800
09-11-16,723.27301,132429000
10-11-16,715.533997,68807800
11-11-16,716.411011,63119700
12-11-16,705.054016,64622500
13-11-16,702.031006,80318096
14-11-16,705.020996,62993000
15-11-16,711.619019,72038496
16-11-16,744.197998,141294000
17-11-16,740.97699,108579000
18-11-16,751.585022,87363104
19-11-16,751.616028,110608000
20-11-16,731.026001,154116000
21-11-16,739.247986,60802400
22-11-16,751.346985,129906000
23-11-16,744.593994,76543800
24-11-16,740.289001,85919296
25-11-16,741.648987,67807600
26-11-16,735.382019,54962700
27-11-16,732.034973,52601800
28-11-16,735.812988,61888600
29-11-16,735.604004,68511104
30-11-16,745.690979,84070800
01-12-16,756.773987,80461904
02-12-16,777.94397,127605000
03-12-16,771.155029,69547296
04-12-16,773.872009,60557900
05-12-16,758.700012,106363000
06-12-16,764.223999,116218000
07-12-16,768.132019,96426096
08-12-16,770.809998,80111904
09-12-16,772.794006,68705296
10-12-16,774.650024,53843100
11-12-16,769.731018,57313400
12-12-16,780.086975,76571000
13-12-16,780.55603,81645600
14-12-16,781.481018,75979000
15-12-16,778.088013,81580096
16-12-16,784.906982,83608200
17-12-16,790.828979,78989800
18-12-16,790.530029,60524400
19-12-16,792.713989,74886400
20-12-16,800.875977,99629296
21-12-16,834.281006,155576000
22-12-16,864.539978,200027008
23-12-16,921.984009,275564000
24-12-16,898.822021,137727008
25-12-16,896.182983,143664992
26-12-16,907.609985,123771000
27-12-16,933.197998,167308000
28-12-16,975.921021,236630000
29-12-16,973.497009,199320000
30-12-16,961.237976,187474000
31-12-16,963.742981,99135104
01-01-17,998.325012,147775008
02-01-17,1021.75,222184992
03-01-17,1043.839966,185168000
04-01-17,1154.72998,344945984
05-01-17,1013.380005,510199008
06-01-17,902.200989,351876000
07-01-17,908.585022,279550016
08-01-17,911.198975,158715008
09-01-17,902.828003,141876992
10-01-17,907.679016,115808000
11-01-17,777.757019,310928992
12-01-17,804.833984,222326000
13-01-17,823.984009,168968000
14-01-17,818.411987,93063296
15-01-17,821.797974,71013600
16-01-17,831.533997,82755200
17-01-17,907.937988,155095008
18-01-17,886.617981,225676992
19-01-17,899.072998,105625000
20-01-17,895.026001,86728400
21-01-17,921.789001,111158000
22-01-17,924.672974,116573000
23-01-17,921.012024,73588600
24-01-17,892.687012,111349000
25-01-17,901.541992,120831000
26-01-17,917.585999,131958000
27-01-17,919.75,125594000
28-01-17,921.590027,68979600
29-01-17,919.495972,60851700
30-01-17,920.382019,78227296
31-01-17,970.403015,164582000
01-02-17,989.02301,150110000
02-02-17,1011.799988,145820992
03-02-17,1029.910034,201278000
04-02-17,1042.900024,155064000
05-02-17,1027.339966,114208000
06-02-17,1038.150024,111762000
07-02-17,1061.349976,146007008
08-02-17,1063.069946,201855008
09-02-17,994.382996,407220000
10-02-17,988.674011,190452000
11-02-17,1004.450012,102261000
12-02-17,999.18103,67530000
13-02-17,990.642029,100607000
14-02-17,1004.549988,137946000
15-02-17,1007.47998,89759400
16-02-17,1027.439941,122277000
17-02-17,1046.209961,136474000
18-02-17,1054.420044,99073504
19-02-17,1047.869995,77423296
20-02-17,1079.97998,109478000
21-02-17,1115.300049,186868992
22-02-17,1117.439941,136100000
23-02-17,1166.719971,189454000
24-02-17,1173.680054,330759008
25-02-17,1143.839966,139960992
26-02-17,1165.199951,116486000
27-02-17,1179.969971,131570000
28-02-17,1179.969971,184956000
01-03-17,1222.5,229056992
02-03-17,1251.01001,368275008
03-03-17,1274.98999,315739008
04-03-17,1255.150024,183270000
05-03-17,1267.119995,134127000
06-03-17,1272.829956,153656992
07-03-17,1223.540039,291256000
08-03-17,1150,332603008
09-03-17,1188.48999,212283008
10-03-17,1116.719971,563795968
11-03-17,1175.829956,283320000
12-03-17,1221.380005,227176000
13-03-17,1231.920044,380276992
14-03-17,1240,245306000
15-03-17,1249.609985,297804992
16-03-17,1187.810059,638568000
17-03-17,1100.22998,706598976
18-03-17,973.817993,621302016
19-03-17,1036.73999,406648000
20-03-17,1054.22998,286529984
21-03-17,1120.540039,337391008
22-03-17,1049.140015,380840992
23-03-17,1038.589966,248540000
24-03-17,937.52002,491038016
25-03-17,972.778992,435803008
26-03-17,966.724976,303668000
27-03-17,1045.77002,372535008
28-03-17,1047.150024,326332000
29-03-17,1039.969971,298457984
30-03-17,1026.430054,352968992
31-03-17,1071.790039,447287008
01-04-17,1080.5,289633984
02-04-17,1102.170044,514187008
03-04-17,1143.810059,580444032
04-04-17,1133.25,436310016
05-04-17,1124.780029,414784000
06-04-17,1182.680054,511222016
07-04-17,1176.900024,317022016
08-04-17,1175.949951,209312000
09-04-17,1187.869995,242343008
10-04-17,1187.130005,215883008
11-04-17,1205.01001,216182000
12-04-17,1200.369995,288702016
13-04-17,1169.280029,351968992
14-04-17,1167.540039,254827008
15-04-17,1172.52002,203559008
16-04-17,1182.939941,183231008
17-04-17,1193.910034,253206000
18-04-17,1211.670044,270524000
19-04-17,1210.290039,288060992
20-04-17,1229.079956,315108000
21-04-17,1222.050049,272167008
22-04-17,1231.709961,249320000
23-04-17,1207.209961,258951008
24-04-17,1250.150024,235806000
25-04-17,1265.48999,242556000
26-04-17,1281.079956,329631008
27-04-17,1317.72998,449196992
28-04-17,1316.47998,527488992
29-04-17,1321.790039,422705984
30-04-17,1347.890015,413115008
01-05-17,1421.599976,713624000
02-05-17,1452.819946,477337984
03-05-17,1490.089966,583795968
04-05-17,1537.670044,933548992
05-05-17,1555.449951,946035968
06-05-17,1578.800049,582529984
07-05-17,1596.709961,1080029952
08-05-17,1723.349976,1340320000
09-05-17,1755.359985,1167920000
10-05-17,1787.130005,915723008
11-05-17,1848.569946,799489984
12-05-17,1724.23999,740984000
13-05-17,1804.910034,579635008
14-05-17,1808.910034,437196000
15-05-17,1738.430054,731529024
16-05-17,1734.449951,959044992
17-05-17,1839.089966,1064729984
18-05-17,1888.650024,894321024
19-05-17,1987.709961,1157289984
20-05-17,2084.72998,961336000
21-05-17,2041.199951,1147859968
22-05-17,2173.399902,1942220032
23-05-17,2320.419922,1378749952
24-05-17,2443.639893,1725379968
25-05-17,2304.97998,2406700032
26-05-17,2202.419922,1763480064
27-05-17,2038.869995,1700480000
28-05-17,2155.800049,1147139968
29-05-17,2255.610107,994625024
30-05-17,2175.469971,1443970048
31-05-17,2286.409912,1544829952
01-06-17,2407.879883,1653180032
02-06-17,2488.550049,1317030016
03-06-17,2515.350098,1514950016
04-06-17,2511.810059,1355120000
05-06-17,2686.810059,1369309952
06-06-17,2863.199951,2089609984
07-06-17,2732.159912,1517709952
08-06-17,2805.620117,1281170048
09-06-17,2823.810059,1348950016
10-06-17,2947.709961,2018889984
11-06-17,2958.110107,1752400000
12-06-17,2659.629883,2569530112
13-06-17,2717.02002,1781200000
14-06-17,2506.370117,1696560000
15-06-17,2464.580078,2026259968
16-06-17,2518.560059,1195190016
17-06-17,2655.879883,1534509952
18-06-17,2548.290039,1178659968
19-06-17,2589.600098,1446840064
20-06-17,2721.790039,1854189952
21-06-17,2689.100098,1626579968
22-06-17,2705.409912,1097939968
23-06-17,2744.909912,961318976
24-06-17,2608.719971,982750016
25-06-17,2589.409912,1161100032
26-06-17,2478.449951,1663280000
27-06-17,2552.449951,1489789952
28-06-17,2574.790039,1183869952
29-06-17,2539.320068,949979008
30-06-17,2480.840088,860273024
01-07-17,2434.550049,779913984
02-07-17,2506.469971,803747008
03-07-17,2564.060059,964112000
04-07-17,2601.639893,985516032
05-07-17,2601.98999,941566016
06-07-17,2608.560059,761956992
07-07-17,2518.659912,917411968
08-07-17,2571.340088,733329984
09-07-17,2518.439941,527856000
10-07-17,2372.560059,1111200000
11-07-17,2337.790039,1329760000
12-07-17,2398.840088,1117410048
13-07-17,2357.899902,835769984
14-07-17,2233.340088,882502976
15-07-17,1998.859985,993608000
16-07-17,1929.819946,1182870016
17-07-17,2228.409912,1201760000
18-07-17,2318.879883,1512450048
19-07-17,2273.429932,1245100032
20-07-17,2817.600098,2249260032
21-07-17,2667.76001,1489449984
22-07-17,2810.120117,1177129984
23-07-17,2730.399902,1072840000
24-07-17,2754.860107,866473984
25-07-17,2576.47998,1460089984
26-07-17,2529.449951,937404032
27-07-17,2671.780029,789104000
28-07-17,2809.01001,1380099968
29-07-17,2726.449951,803745984
30-07-17,2757.179932,705942976
31-07-17,2875.340088,860574976
01-08-17,2718.26001,1324669952
02-08-17,2710.669922,1094950016
03-08-17,2804.72998,804796992
04-08-17,2895.889893,1002120000
05-08-17,3252.909912,1945699968
06-08-17,3213.939941,1105030016
07-08-17,3378.939941,1482279936
08-08-17,3419.939941,1752760064
09-08-17,3342.469971,1468960000
10-08-17,3381.280029,1515110016
11-08-17,3650.620117,2021190016
12-08-17,3884.709961,2219589888
13-08-17,4073.26001,3159089920
14-08-17,4325.129883,2463089920
15-08-17,4181.930176,3258050048
16-08-17,4376.629883,2272039936
17-08-17,4331.689941,2553359872
18-08-17,4160.620117,2941710080
19-08-17,4193.700195,2975820032
20-08-17,4087.659912,2109769984
21-08-17,4001.73999,2800890112
22-08-17,4100.52002,3764239872
23-08-17,4151.52002,2369819904
24-08-17,4334.680176,2037750016
25-08-17,4371.600098,1727970048
26-08-17,4352.399902,1511609984
27-08-17,4382.879883,1537459968
28-08-17,4382.660156,1959330048
29-08-17,4579.02002,2486080000
30-08-17,4565.299805,1937849984
31-08-17,4703.390137,1944930048
01-09-17,4892.009766,2599079936
02-09-17,4578.77002,2722139904
03-09-17,4582.959961,1933190016
04-09-17,4236.310059,2987330048
05-09-17,4376.529785,2697969920
06-09-17,4597.120117,2172100096
07-09-17,4599.879883,1844620032
08-09-17,4228.75,2700890112
09-09-17,4226.060059,1386230016
10-09-17,4122.939941,1679090048
11-09-17,4161.27002,1557330048
12-09-17,4130.810059,1864530048
13-09-17,3882.590088,2219409920
14-09-17,3154.949951,2716310016
15-09-17,3637.52002,4148069888
16-09-17,3625.040039,1818400000
17-09-17,3582.879883,1239149952
18-09-17,4065.199951,1943209984
19-09-17,3924.969971,1563980032
20-09-17,3905.949951,1213830016
21-09-17,3631.040039,1411480064
22-09-17,3630.699951,1194829952
23-09-17,3792.399902,928113984
24-09-17,3682.840088,768014976
25-09-17,3926.070068,1374210048
26-09-17,3892.350098,1043740032
27-09-17,4200.669922,1686880000
28-09-17,4174.72998,1712320000
29-09-17,4163.069824,1367049984
30-09-17,4338.709961,1207449984
01-10-17,4403.740234,1208210048
02-10-17,4409.319824,1431730048
03-10-17,4317.47998,1288019968
04-10-17,4229.359863,1116770048
05-10-17,4328.410156,1161769984
06-10-17,4370.810059,1069939968
07-10-17,4426.890137,906928000
08-10-17,4610.47998,1313869952
09-10-17,4772.02002,1968739968
10-10-17,4781.990234,1597139968
11-10-17,4826.47998,1222279936
12-10-17,5446.910156,2791610112
13-10-17,5647.209961,3615480064
14-10-17,5831.790039,1669030016
15-10-17,5678.189941,1976039936
16-10-17,5725.589844,2008070016
17-10-17,5605.509766,1821570048
18-10-17,5590.689941,2399269888
19-10-17,5708.52002,1780540032
20-10-17,6011.450195,2354429952
21-10-17,6031.600098,2207099904
22-10-17,6008.419922,2034630016
23-10-17,5930.319824,2401840128
24-10-17,5526.640137,2735699968
25-10-17,5750.799805,1966989952
26-10-17,5904.830078,1905040000
27-10-17,5780.899902,1710130048
28-10-17,5753.089844,1403920000
29-10-17,6153.850098,2859040000
30-10-17,6130.529785,1772150016
31-10-17,6468.399902,2311379968
01-11-17,6767.310059,2870320128
02-11-17,7078.5,4653770240
03-11-17,7207.759766,3369860096
04-11-17,7379.950195,2483800064
05-11-17,7407.410156,2380410112
06-11-17,7022.759766,3111899904
07-11-17,7144.379883,2326340096
08-11-17,7459.689941,4602200064
09-11-17,7143.580078,3226249984
10-11-17,6618.140137,5208249856
11-11-17,6357.600098,4908680192
12-11-17,5950.069824,8957349888
13-11-17,6559.490234,6263249920
14-11-17,6635.75,3197110016
15-11-17,7315.540039,4200880128
16-11-17,7871.689941,5123809792
17-11-17,7708.990234,4651670016
18-11-17,7790.149902,3667190016
19-11-17,8036.490234,3149319936
20-11-17,8200.639648,3488450048
21-11-17,8071.259766,4277609984
22-11-17,8253.549805,3633530112
23-11-17,8038.77002,4225179904
24-11-17,8253.69043,5058610176
25-11-17,8790.919922,4342060032
26-11-17,9330.549805,5475579904
27-11-17,9818.349609,5653320192
28-11-17,10058.79981,6348819968
29-11-17,9888.610352,11568799744
30-11-17,10233.59961,8310689792
01-12-17,10975.59961,6783119872
02-12-17,11074.59961,5138500096
03-12-17,11323.2002,6608309760
04-12-17,11657.2002,6132409856
05-12-17,11916.7002,6895260160
06-12-17,14291.5,12656300032
07-12-17,17899.69922,17950699520
08-12-17,16569.40039,21135998976
09-12-17,15178.2002,13911300096
10-12-17,15455.40039,13433299968
11-12-17,16936.80078,12153900032
12-12-17,17415.40039,14603799552
13-12-17,16408.19922,12976900096
14-12-17,16564,13777399808
15-12-17,17706.90039,14309999616
16-12-17,19497.40039,12740599808
17-12-17,19140.80078,13314599936
18-12-17,19114.19922,14839499776
19-12-17,17776.69922,16894499840
20-12-17,16624.59961,22149699584
21-12-17,15802.90039,16516599808
22-12-17,13831.79981,22197999616
23-12-17,14699.2002,13086000128
24-12-17,13925.79981,11572299776
25-12-17,14026.59961,10664699904
26-12-17,16099.79981,13454300160
27-12-17,15838.5,12487600128
28-12-17,14606.5,12336499712
29-12-17,14656.2002,13025500160
30-12-17,12952.2002,14452599808
31-12-17,14156.40039,12136299520
01-01-18,13657.2002,10291200000
02-01-18,14982.09961,16846600192
03-01-18,15201,16871900160
04-01-18,15599.2002,21783199744
05-01-18,17429.5,23840899072
06-01-18,17527,18314600448
07-01-18,16477.59961,15866000384
08-01-18,15170.09961,18413899776
09-01-18,14595.40039,16659999744
10-01-18,14973.29981,18500800512
11-01-18,13405.79981,16534099968
12-01-18,13980.59961,12065699840
13-01-18,14360.2002,12763599872
14-01-18,13772,11084099584
15-01-18,13819.79981,12750799872
16-01-18,11490.5,18853799936
17-01-18,11188.59961,18830600192
18-01-18,11474.90039,15020399616
19-01-18,11607.40039,10740400128
20-01-18,12899.2002,11801700352
21-01-18,11600.09961,9935179776
22-01-18,10931.40039,10537400320
23-01-18,10868.40039,9660609536
24-01-18,11359.40039,9940989952
25-01-18,11259.40039,8873169920
26-01-18,11171.40039,9746199552
27-01-18,11440.7002,7583269888
28-01-18,11786.29981,8350360064
29-01-18,11296.40039,7107359744
30-01-18,10106.29981,8637859840
31-01-18,10221.09961,8041160192
01-02-18,9170.540039,9959400448
02-02-18,8830.75,12726899712
03-02-18,9174.910156,7263790080
04-02-18,8277.009766,7073549824
05-02-18,6955.27002,9285289984
06-02-18,7754,13999800320
07-02-18,7621.299805,9169280000
08-02-18,8265.589844,9346750464
09-02-18,8736.980469,6784820224
10-02-18,8621.900391,7780960256
11-02-18,8129.970215,6122189824
12-02-18,8926.570313,6256439808
13-02-18,8598.30957,5696719872
14-02-18,9494.629883,7909819904
15-02-18,10166.40039,9062540288
16-02-18,10233.90039,7296159744
17-02-18,11112.7002,8660880384
18-02-18,10551.79981,8744009728
19-02-18,11225.29981,7652089856
20-02-18,11403.7002,9926540288
21-02-18,10690.40039,9405339648
22-02-18,10005,8040079872
23-02-18,10301.09961,7739500032
24-02-18,9813.070313,6917929984
25-02-18,9664.730469,5706939904
26-02-18,10366.7002,7287690240
27-02-18,10725.59961,6966179840
28-02-18,10397.90039,6936189952
01-03-18,10951,7317279744
02-03-18,11086.40039,7620590080
03-03-18,11489.7002,6690570240
04-03-18,11512.59961,6084149760
05-03-18,11573.29981,6468539904
06-03-18,10779.90039,6832169984
07-03-18,9965.570313,8797910016
08-03-18,9395.009766,7186089984
09-03-18,9337.549805,8704190464
10-03-18,8866,5386319872
11-03-18,9578.629883,6296370176
12-03-18,9205.120117,6457399808
13-03-18,9194.849609,5991139840
14-03-18,8269.80957,6438230016
15-03-18,8300.860352,6834429952
16-03-18,8338.349609,5289379840
17-03-18,7916.879883,4426149888
18-03-18,8223.679688,6639190016
19-03-18,8630.650391,6729110016
20-03-18,8913.469727,6361789952
21-03-18,8929.280273,6043129856
22-03-18,8728.469727,5530390016
23-03-18,8879.620117,5954120192
24-03-18,8668.120117,5664600064
25-03-18,8495.780273,4569880064
26-03-18,8209.400391,5921039872
27-03-18,7833.040039,5378250240
28-03-18,7954.47998,4935289856
29-03-18,7165.700195,6361229824
30-03-18,6890.52002,6289509888
31-03-18,6973.529785,4553269760
01-04-18,6844.22998,4532100096
02-04-18,7083.799805,4333440000
03-04-18,7456.109863,5499700224
04-04-18,6853.839844,4936000000
05-04-18,6811.470215,5639320064
06-04-18,6636.319824,3766810112
07-04-18,6911.089844,3976610048
08-04-18,7023.52002,3652499968
09-04-18,6770.72998,4894060032
10-04-18,6834.759766,4272750080
11-04-18,6968.319824,4641889792
12-04-18,7889.25,8906250240
13-04-18,7895.959961,7764460032
14-04-18,7986.240234,5191430144
15-04-18,8329.110352,5244480000
16-04-18,8058.669922,5631309824
17-04-18,7902.089844,6900879872
18-04-18,8163.419922,6529909760
19-04-18,8294.30957,7063209984
20-04-18,8845.830078,8438110208
21-04-18,8895.580078,7548550144
22-04-18,8802.459961,6629899776
23-04-18,8930.879883,6925190144
24-04-18,9697.5,10678800384
25-04-18,8845.740234,11083100160
26-04-18,9281.509766,8970559488
27-04-18,8987.049805,7566289920
28-04-18,9348.480469,7805479936
29-04-18,9419.080078,8853000192
30-04-18,9240.549805,8673920000
01-05-18,9119.009766,7713019904
02-05-18,9235.919922,7558159872
03-05-18,9743.860352,10207299584
04-05-18,9700.759766,8217829888
05-05-18,9858.150391,7651939840
06-05-18,9654.799805,7222280192
07-05-18,9373.009766,7394019840
08-05-18,9234.820313,7415869952
09-05-18,9325.179688,7226890240
10-05-18,9043.94043,6906699776
11-05-18,8441.490234,8488520192
12-05-18,8504.889648,6821380096
13-05-18,8723.94043,5866379776
14-05-18,8716.790039,7364149760
15-05-18,8510.379883,6705710080
16-05-18,8368.830078,6760220160
17-05-18,8094.319824,5862530048
18-05-18,8250.969727,5764190208
19-05-18,8247.179688,4712399872
20-05-18,8513.25,5191059968
21-05-18,8418.990234,5154990080
22-05-18,8041.779785,5137010176
23-05-18,7557.819824,6491120128
24-05-18,7587.339844,6049220096
25-05-18,7480.140137,4867829760
26-05-18,7355.879883,4051539968
27-05-18,7368.220215,4056519936
28-05-18,7135.990234,5040600064
29-05-18,7472.589844,5662660096
30-05-18,7406.52002,4922540032
31-05-18,7494.169922,5127130112
01-06-18,7541.450195,4921460224
02-06-18,7643.450195,4939299840
03-06-18,7720.25,4851760128
04-06-18,7514.470215,4993169920
05-06-18,7633.759766,4961739776
06-06-18,7653.97998,4692259840
07-06-18,7678.240234,4485799936
08-06-18,7624.919922,4227579904
09-06-18,7531.97998,3845220096
10-06-18,6786.02002,5804839936
11-06-18,6906.919922,4745269760
12-06-18,6582.359863,4654380032
13-06-18,6349.899902,5052349952
14-06-18,6675.350098,5138710016
15-06-18,6456.580078,3955389952
16-06-18,6550.160156,3194170112
17-06-18,6499.27002,3104019968
18-06-18,6734.819824,4039200000
19-06-18,6769.939941,4057029888
20-06-18,6776.549805,3888640000
21-06-18,6729.740234,3529129984
22-06-18,6083.689941,5079810048
23-06-18,6162.47998,3431360000
24-06-18,6173.22998,4566909952
25-06-18,6249.180176,5500810240
26-06-18,6093.669922,3279759872
27-06-18,6157.129883,3296219904
28-06-18,5903.439941,3467800064
29-06-18,6218.299805,3966230016
30-06-18,6404,4543860224
01-07-18,6385.819824,4788259840
02-07-18,6614.180176,4396930048
03-07-18,6529.589844,4672309760
04-07-18,6597.549805,4176689920
05-07-18,6639.140137,4999240192
06-07-18,6673.5,4313959936
07-07-18,6856.930176,3961080064
08-07-18,6773.879883,3386210048
09-07-18,6741.75,3718129920
10-07-18,6329.950195,4052430080
11-07-18,6394.709961,3644859904
12-07-18,6228.810059,3770170112
13-07-18,6238.049805,3805400064
14-07-18,6276.120117,2923670016
15-07-18,6359.640137,3285459968
16-07-18,6741.75,4725799936
17-07-18,7321.040039,5961950208
18-07-18,7370.779785,6103410176
19-07-18,7466.859863,5111629824
20-07-18,7354.129883,4936869888
21-07-18,7419.290039,3726609920
22-07-18,7418.490234,3695460096
23-07-18,7711.109863,5132480000
24-07-18,8424.269531,7277689856
25-07-18,8181.390137,5845400064
26-07-18,7951.580078,4899089920
27-07-18,8165.009766,5195879936
28-07-18,8192.150391,3988750080
29-07-18,8218.459961,4107190016
30-07-18,8180.47998,5551400000
31-07-18,7780.439941,5287530000
01-08-18,7624.910156,4797620000
02-08-18,7567.149902,4214110000
03-08-18,7434.390137,4627150000
04-08-18,7032.850098,4268390000
05-08-18,7068.47998,3679110000
06-08-18,6951.799805,3925900000
07-08-18,6753.120117,4682800000
08-08-18,6305.799805,5064430000
09-08-18,6568.22998,4267040000
10-08-18,6184.709961,4528680000
11-08-18,6295.72998,4047850000
12-08-18,6322.689941,5665250000
13-08-18,6297.569824,4083980000
14-08-18,6199.709961,5301700000
15-08-18,6308.52002,4895450000
16-08-18,6334.72998,4328420000
17-08-18,6580.629883,4992990000
18-08-18,6423.759766,3984520000
19-08-18,6506.069824,3311170000
20-08-18,6308.529785,3665100000
21-08-18,6488.759766,3377180000
22-08-18,6376.709961,4668110000
23-08-18,6534.879883,3426180000
24-08-18,6719.959961,4097820000
25-08-18,6763.189941,3312600000
26-08-18,6707.259766,3295500000
27-08-18,6884.640137,4019000000
28-08-18,7096.279785,4659940000
29-08-18,7047.160156,4145880000
30-08-18,6978.22998,4463250000
31-08-18,7037.580078,4495650000
01-09-18,7193.25,4116050000
02-09-18,7272.720215,4329540000
03-09-18,7260.060059,4087760000
04-09-18,7361.660156,4273640000
05-09-18,6792.830078,5800460000
06-09-18,6529.169922,5523470000
07-09-18,6467.069824,4264680000
08-09-18,6225.97998,3835060000
09-09-18,6300.859863,3671890000
10-09-18,6329.700195,3714100000
11-09-18,6321.200195,3849910000
12-09-18,6351.799805,4064230000
13-09-18,6517.310059,4210910000
14-09-18,6512.709961,4076220000
15-09-18,6543.200195,3216300000
16-09-18,6517.180176,3273730000
17-09-18,6281.200195,3910780000
18-09-18,6371.299805,4180090000
19-09-18,6398.540039,4431340000
20-09-18,6519.669922,4348110000
21-09-18,6734.950195,6531940000
22-09-18,6721.97998,4509660000
23-09-18,6710.629883,4197500000
24-09-18,6595.410156,4177310000
25-09-18,6446.470215,4726180000
26-09-18,6495,4437300000
27-09-18,6676.75,4606810000
28-09-18,6644.129883,5014430000
29-09-18,6601.959961,4363690000
30-09-18,6625.560059,4002280000
01-10-18,6589.620117,4000970000
02-10-18,6556.100098,3979260000
03-10-18,6502.589844,3887310000
04-10-18,6576.689941,3838410000
05-10-18,6622.47998,3671500000
06-10-18,6588.310059,3259740000
07-10-18,6602.950195,3306630000
08-10-18,6652.22998,3979460000
09-10-18,6642.640137,3580810000
10-10-18,6585.529785,3787650000
11-10-18,6256.240234,5181640000
12-10-18,6274.580078,3783500000
13-10-18,6285.990234,3064030000
14-10-18,6290.930176,3085320000
15-10-18,6596.540039,7370770000
16-10-18,6596.109863,4074800000
17-10-18,6544.430176,4088420000
18-10-18,6476.709961,3924080000
19-10-18,6465.410156,3578870000
20-10-18,6489.189941,3379130000
21-10-18,6482.350098,3253610000
22-10-18,6487.160156,3672860000
23-10-18,6475.740234,3716150000
24-10-18,6495.839844,3424670000
25-10-18,6476.290039,3230550000
26-10-18,6474.75,3306050000
27-10-18,6480.379883,3393250000
28-10-18,6486.390137,3445190000
29-10-18,6332.629883,4199910000
30-10-18,6334.27002,3781100000
31-10-18,6317.609863,4191240000
01-11-18,6377.779785,3789400000
02-11-18,6388.439941,4234870000
03-11-18,6361.259766,3658640000
04-11-18,6376.129883,4390020000
05-11-18,6419.660156,4174800000
06-11-18,6461.009766,4700040000
07-11-18,6530.140137,4941260000
08-11-18,6453.720215,4665260000
09-11-18,6385.620117,4346820000
10-11-18,6409.220215,3705320000
11-11-18,6411.27002,3939060000
12-11-18,6371.27002,4295770000
13-11-18,6359.490234,4503800000
14-11-18,5738.350098,7398940000
15-11-18,5648.029785,7032140000
16-11-18,5575.549805,5279320000
17-11-18,5554.330078,4303150000
18-11-18,5623.540039,4159680000
19-11-18,4871.490234,7039560000
20-11-18,4451.870117,8428290000
21-11-18,4602.169922,6120120000
22-11-18,4365.939941,4569370000
23-11-18,4347.109863,4871490000
24-11-18,3880.76001,4679500000
25-11-18,4009.969971,6825640000
26-11-18,3779.129883,6476900000
27-11-18,3820.719971,5998720000
28-11-18,4257.419922,7280280000
29-11-18,4278.84668,6503347767
30-11-18,4017.268555,6048016717
01-12-18,4214.671875,5375314093
02-12-18,4139.87793,5262697895
03-12-18,3894.130859,5089570994
04-12-18,3956.893799,5028069239
05-12-18,3753.994873,5302481574
06-12-18,3521.101807,5878333109
07-12-18,3419.937256,6835615448
08-12-18,3476.114746,5305024497
09-12-18,3614.234375,4947372847
10-12-18,3502.656006,5020968740
11-12-18,3424.588135,4696765188
12-12-18,3486.950195,4139364829
13-12-18,3313.677246,4343372456
14-12-18,3242.484863,4372763663
15-12-18,3236.761719,3551763561
16-12-18,3252.839111,3744248994
17-12-18,3545.864746,5409247918
18-12-18,3696.059082,5911325473
19-12-18,3745.950684,6810689119
20-12-18,4134.441406,8927129279
21-12-18,3896.543701,7206015706
22-12-18,4014.182617,5605823233
23-12-18,3998.980225,6151275490
24-12-18,4078.599121,7240968501
25-12-18,3815.490723,6158207293
26-12-18,3857.297607,5326547918
27-12-18,3654.833496,5130222366
28-12-18,3923.918701,5631554348
29-12-18,3820.408691,4991655917
30-12-18,3865.952637,4770578575
31-12-18,3742.700439,4661840806
01-01-19,3843.52002,4324200990
02-01-19,3943.409424,5244856836
03-01-19,3836.741211,4530215219
04-01-19,3857.717529,4847965467
05-01-19,3845.19458,5137609824
06-01-19,4076.632568,5597027440
07-01-19,4025.248291,5228625637
08-01-19,4030.8479,5306593305
09-01-19,4035.296387,5115905225
10-01-19,3678.924561,6874143796
11-01-19,3687.365479,5538712865
12-01-19,3661.301025,4778170883
13-01-19,3552.953125,4681302466
14-01-19,3706.052246,5651384490
15-01-19,3630.675293,5537192302
16-01-19,3655.006836,5394457145
17-01-19,3678.563965,5464420383
18-01-19,3657.839355,5002961727
19-01-19,3728.568359,5955691380
20-01-19,3601.013672,5582489560
21-01-19,3576.032471,5004347059
22-01-19,3604.577148,5313623556
23-01-19,3585.123047,5433755649
24-01-19,3600.865479,5262869046
25-01-19,3599.765869,5265847539
26-01-19,3602.460449,5098183235
27-01-19,3583.96582,5570752966
28-01-19,3470.450439,6908930483
29-01-19,3448.116943,5897159493
30-01-19,3486.181641,5955112627
31-01-19,3457.792725,5831198271
01-02-19,3487.945313,5422926707
02-02-19,3521.060791,5071623601
03-02-19,3464.013428,5043937584
04-02-19,3459.154053,5332718886
05-02-19,3466.357422,5227549545
06-02-19,3413.767822,5482196038
07-02-19,3399.47168,5004962683
08-02-19,3666.780273,7735623101
09-02-19,3671.203613,6158833645
10-02-19,3690.188232,6282256903
11-02-19,3648.430664,6277056434
12-02-19,3653.528564,6480384532
13-02-19,3632.070557,6438903823
14-02-19,3616.880859,6271044418
15-02-19,3620.810791,6091952231
16-02-19,3629.787598,5934744052
17-02-19,3673.836182,7039512503
18-02-19,3915.714355,9908216640
19-02-19,3947.094482,9933626655
20-02-19,3999.820557,8693373948
21-02-19,3954.118164,7775128102
22-02-19,4005.526611,7826525254
23-02-19,4142.526855,8922258316
24-02-19,3810.42749,10794227451
25-02-19,3882.696289,9318796067
26-02-19,3854.35791,7931218996
27-02-19,3851.047363,8301309684
28-02-19,3854.7854,8399767798
01-03-19,3859.58374,7661247975
02-03-19,3864.415039,7578786076
03-03-19,3847.175781,7253558152
04-03-19,3761.557129,9029175788
05-03-19,3896.375,10174126415
06-03-19,3903.942627,9175291529
07-03-19,3911.484375,9584165519
08-03-19,3901.131592,10638638944
09-03-19,3963.313721,10796103518
10-03-19,3951.599854,9713267607
11-03-19,3905.227295,10125901903
12-03-19,3909.15625,9809887079
13-03-19,3906.717285,9469184841
14-03-19,3924.369141,10480789570
15-03-19,3960.911133,9394210605
16-03-19,4048.72583,9856166973
17-03-19,4025.229004,8221625400
18-03-19,4032.507324,9646954186
19-03-19,4071.190186,9344919956
20-03-19,4087.476318,10175916388
21-03-19,4029.326904,10831212662
22-03-19,4023.968262,9252935969
23-03-19,4035.826416,9578850549
24-03-19,4022.168213,9144851065
25-03-19,3963.070557,10359818883
26-03-19,3985.080811,10707678815
27-03-19,4087.066162,10897131934
28-03-19,4069.107178,9353915899
29-03-19,4098.374512,10918665557
30-03-19,4106.660156,9732688060
31-03-19,4105.404297,9045122443
01-04-19,4158.183105,10157794171
02-04-19,4879.87793,21315047816
03-04-19,4973.021973,22899891582
04-04-19,4922.798828,18251810240
05-04-19,5036.681152,16837325387
06-04-19,5059.817383,16929795194
07-04-19,5198.896973,16655416140
08-04-19,5289.770996,17154113634
09-04-19,5204.958496,14722104361
10-04-19,5324.551758,15504590933
11-04-19,5064.487793,16555616019
12-04-19,5089.539063,13675206312
13-04-19,5096.586426,10823289598
14-04-19,5167.722168,10391952498
15-04-19,5067.108398,12290155061
16-04-19,5235.55957,11618660197
17-04-19,5251.937988,12438480677
18-04-19,5298.385742,13256489918
19-04-19,5303.8125,13780238655
20-04-19,5337.88623,13169647522
21-04-19,5314.53125,13731844223
22-04-19,5399.365234,14601631648
23-04-19,5572.362305,15867308108
24-04-19,5464.866699,17048033399
25-04-19,5210.515625,15330283408
26-04-19,5279.348145,16812108040
27-04-19,5268.291016,13111274675
28-04-19,5285.13916,12819992056
29-04-19,5247.352539,13735490672
30-04-19,5350.726563,13878964574
01-05-19,5402.697266,13679528236
02-05-19,5505.283691,14644460907
03-05-19,5768.289551,18720780006
04-05-19,5831.16748,17567780766
05-05-19,5795.708496,14808830723
06-05-19,5746.807129,15737171804
07-05-19,5829.501465,18026409033
08-05-19,5982.45752,15320605300
09-05-19,6174.528809,16784645411
10-05-19,6378.849121,19419875368
11-05-19,7204.771484,28867562329
12-05-19,6972.371582,27773333680
13-05-19,7814.915039,28677672181
14-05-19,7994.416016,32031452227
15-05-19,8205.167969,28344112920
16-05-19,7884.90918,33167197581
17-05-19,7343.895508,30066644905
18-05-19,7271.208008,21354286562
19-05-19,8197.689453,25902422040
20-05-19,7978.309082,23843404340
21-05-19,7963.327637,25127245056
22-05-19,7680.066406,24719473175
23-05-19,7881.84668,24457107820
24-05-19,7987.371582,25919126991
25-05-19,8052.543945,22256813107
26-05-19,8673.21582,26677970091
27-05-19,8805.77832,27949839564
28-05-19,8719.961914,24226919267
29-05-19,8659.487305,23473479966
30-05-19,8319.472656,29246528551
31-05-19,8574.501953,25365190957
01-06-19,8564.016602,22488303544
02-06-19,8742.958008,20266216022
03-06-19,8208.995117,22004511436
04-06-19,7707.770996,24609731549
05-06-19,7824.231445,21760923463
06-06-19,7822.023438,19474611077
07-06-19,8043.951172,19141423231
08-06-19,7954.12793,16522722810
09-06-19,7688.077148,16610726547
10-06-19,8000.32959,18689275117
11-06-19,7927.714355,17107279932
12-06-19,8145.857422,19034432883
13-06-19,8230.923828,18669407147
14-06-19,8693.833008,19831162906
15-06-19,8838.375,18371033226
16-06-19,8994.488281,23348550311
17-06-19,9320.352539,15562951919
18-06-19,9081.762695,15848210536
19-06-19,9273.521484,15546809946
20-06-19,9527.160156,17846823784
21-06-19,10144.55664,20624008643
22-06-19,10701.69141,29995204861
23-06-19,10855.37109,20998326502
24-06-19,11011.10254,19271652365
25-06-19,11790.91699,24879684533
26-06-19,13016.23145,45105733173
27-06-19,11182.80664,39977475223
28-06-19,12407.33203,35087757766
29-06-19,11959.37109,29923961128
30-06-19,10817.15527,27256473494
01-07-19,10583.13477,29378589324
02-07-19,10801.67773,31015895223
03-07-19,11961.26953,30796494294
04-07-19,11215.4375,25920294033
05-07-19,10978.45996,23838480210
06-07-19,11208.55078,21092024306
07-07-19,11450.84668,19369044277
08-07-19,12285.95801,23482551458
09-07-19,12573.8125,28167921523
10-07-19,12156.5127,33627574244
11-07-19,11358.66211,28595327690
12-07-19,11815.98633,23534692797
13-07-19,11392.37891,21042616384
14-07-19,10256.05859,22486000001
15-07-19,10895.08984,25384047207
16-07-19,9477.641602,24151199070
17-07-19,9693.802734,24569921549
18-07-19,10666.48242,25187024648
19-07-19,10530.73242,20727426310
20-07-19,10767.13965,20206615155
21-07-19,10599.10547,17130580467
22-07-19,10343.10645,16334414913
23-07-19,9900.767578,17851916995
24-07-19,9811.925781,17398734322
25-07-19,9911.841797,15821952090
26-07-19,9870.303711,14495714483
27-07-19,9477.677734,16817809536
28-07-19,9552.860352,13738687093
29-07-19,9519.145508,13791445323
30-07-19,9607.423828,13829811132
31-07-19,10085.62793,16631520648
01-08-19,10399.66895,17165337858
02-08-19,10518.17481,17489094082
03-08-19,10821.72656,15352685061
04-08-19,10970.18457,16530894787
05-08-19,11805.65332,23875988832
06-08-19,11478.16895,23635107660
07-08-19,11941.96875,22194988641
08-08-19,11966.40723,19481591730
09-08-19,11862.93652,18339989960
10-08-19,11354.02441,18125355447
11-08-19,11523.5791,15774371518
12-08-19,11382.61621,13647198229
13-08-19,10895.83008,16681503537
14-08-19,10051.7041,19990838300
15-08-19,10311.5459,22899115082
16-08-19,10374.33887,20228207096
17-08-19,10231.74414,13778035685
18-08-19,10345.81055,12999813869
19-08-19,10916.05371,16038264603
20-08-19,10763.23242,15053082175
21-08-19,10138.04981,19473084768
22-08-19,10131.05566,17097508856
23-08-19,10407.96484,15627023886
24-08-19,10159.96094,15451030650
25-08-19,10138.51758,14153856610
26-08-19,10370.82031,18438654080
27-08-19,10185.5,14762609503
28-08-19,9754.422852,17603790323
29-08-19,9510.200195,17045878501
30-08-19,9598.173828,13595263986
31-08-19,9630.664063,11454806419
01-09-19,9757.970703,11445355859
02-09-19,10346.76074,17248102294
03-09-19,10623.54004,19384917989
04-09-19,10594.49316,16742664769
05-09-19,10575.5332,14551239508
06-09-19,10353.30273,19536574783
07-09-19,10517.25488,15307366476
08-09-19,10441.27637,13670567493
09-09-19,10334.97461,17595943368
10-09-19,10115.97559,14906809639
11-09-19,10178.37207,15428063426
12-09-19,10410.12695,15323563925
13-09-19,10360.54688,14109864675
14-09-19,10358.04883,13468713124
15-09-19,10347.71289,12043433567
16-09-19,10276.79395,15160167779
17-09-19,10241.27246,15304603363
18-09-19,10198.24805,16169268880
19-09-19,10266.41504,19937691247
20-09-19,10181.6416,14734189639
21-09-19,10019.7168,13425266806
22-09-19,10070.39258,13199651698
23-09-19,9729.324219,15144925408
24-09-19,8620.566406,25002886689
25-09-19,8486.993164,21744728353
26-09-19,8118.967773,19258205289
27-09-19,8251.845703,16408941156
28-09-19,8245.915039,14141152736
29-09-19,8104.185547,13034629109
30-09-19,8293.868164,17115474183
01-10-19,8343.276367,15305343413
02-10-19,8393.041992,13125712443
03-10-19,8259.992188,13668823409
04-10-19,8205.939453,13139456229
05-10-19,8151.500488,12200497197
06-10-19,7988.155762,13160830305
07-10-19,8245.623047,18009742607
08-10-19,8228.783203,15592264032
09-10-19,8595.740234,19384942333
10-10-19,8586.473633,17618660671
11-10-19,8321.756836,19604381101
12-10-19,8336.555664,14532641605
13-10-19,8321.005859,13808286059
14-10-19,8374.686523,15151387859
15-10-19,8205.369141,15220412632
16-10-19,8047.526855,16071646996
17-10-19,8103.911133,14313052244
18-10-19,7973.20752,15651592610
19-10-19,7988.560547,13797825640
20-10-19,8222.078125,15504249442
21-10-19,8243.720703,15868748866
22-10-19,8078.203125,16803377857
23-10-19,7514.671875,21942878958
24-10-19,7493.48877,16268708849
25-10-19,8660.700195,28705065488
26-10-19,9244.972656,44496255609
27-10-19,9551.714844,32593129501
28-10-19,9256.148438,30948255332
29-10-19,9427.6875,28426779937
30-10-19,9205.726563,27706531577
31-10-19,9199.584961,26583653947
01-11-19,9261.104492,24324691031
02-11-19,9324.717773,21242676385
03-11-19,9235.354492,21132220847
04-11-19,9412.612305,26170255634
05-11-19,9342.527344,26198609048
06-11-19,9360.879883,23133895765
07-11-19,9267.561523,22700383839
08-11-19,8804.880859,24333037836
09-11-19,8813.582031,17578630606
10-11-19,9055.526367,20587919881
11-11-19,8757.788086,20265510765
12-11-19,8815.662109,20309769107
13-11-19,8808.262695,17545755405
14-11-19,8708.094727,19084739975
15-11-19,8491.992188,21796856471
16-11-19,8550.760742,16495389808
17-11-19,8577.975586,18668638897
18-11-19,8309.286133,21579470673
19-11-19,8206.145508,21083613816
20-11-19,8027.268066,20764300437
21-11-19,7642.75,22514243371
22-11-19,7296.577637,34242315785
23-11-19,7397.796875,21008924418
24-11-19,7047.916992,30433517289
25-11-19,7146.133789,42685231262
26-11-19,7218.371094,21129505542
27-11-19,7531.663574,23991412764
28-11-19,7463.105957,19050116751
29-11-19,7761.243652,19709695456
30-11-19,7569.629883,17158194786
01-12-19,7424.29248,18720708479
02-12-19,7321.988281,17082040706
03-12-19,7320.145508,14797485769
04-12-19,7252.034668,21664240918
05-12-19,7448.307617,18816085231
06-12-19,7546.996582,18104466307
07-12-19,7556.237793,15453520564
08-12-19,7564.345215,15409908086
09-12-19,7400.899414,17872021272
10-12-19,7278.119629,18249031195
11-12-19,7217.427246,16350490689
12-12-19,7243.134277,18927080224
13-12-19,7269.68457,17125736940
14-12-19,7124.673828,17137029730
15-12-19,7152.301758,16881129804
16-12-19,6932.480469,20213265950
17-12-19,6640.515137,22363804217
18-12-19,7276.802734,31836522778
19-12-19,7202.844238,25904604416
20-12-19,7218.816406,22633815180
21-12-19,7191.158691,19312552168
22-12-19,7511.588867,23134537956
23-12-19,7355.628418,27831788041
24-12-19,7322.532227,22991622105
25-12-19,7275.155762,21559505149
26-12-19,7238.966797,22787010034
27-12-19,7290.088379,22777360996
28-12-19,7317.990234,21365673026
29-12-19,7422.652832,22445257702
30-12-19,7292.995117,22874131672
31-12-19,7193.599121,21167946112
01-01-20,7200.174316,18565664997
02-01-20,6985.470215,20802083465
03-01-20,7344.884277,28111481032
04-01-20,7410.656738,18444271275
05-01-20,7411.317383,19725074095
06-01-20,7769.219238,23276261598
07-01-20,8163.692383,28767291327
08-01-20,8079.862793,31672559265
09-01-20,7879.071289,24045990466
10-01-20,8166.554199,28714583844
11-01-20,8037.537598,25521165085
12-01-20,8192.494141,22903438381
13-01-20,8144.194336,22482910688
14-01-20,8827.764648,44841784107
15-01-20,8807.010742,40102834650
16-01-20,8723.786133,31313981931
17-01-20,8929.038086,36372139320
18-01-20,8942.808594,32337772627
19-01-20,8706.245117,34217320471
20-01-20,8657.642578,26422375678
21-01-20,8745.894531,24097418512
22-01-20,8680.875977,22600204051
23-01-20,8406.515625,25770680779
24-01-20,8445.43457,24397913026
25-01-20,8367.847656,19647331549
26-01-20,8596.830078,22177678796
27-01-20,8909.819336,28647338393
28-01-20,9358.589844,34398744403
29-01-20,9316.629883,30682598115
30-01-20,9508.993164,32378792851
31-01-20,9350.529297,29432489719
01-02-20,9392.875,25922656496
02-02-20,9344.365234,30835736946
03-02-20,9293.521484,30934096509
04-02-20,9180.962891,29893183716
05-02-20,9613.423828,35222060874
06-02-20,9729.801758,37628823716
07-02-20,9795.943359,34522718159
08-02-20,9865.119141,35172043762
09-02-20,10116.67383,35807884663
10-02-20,9856.611328,39386548075
11-02-20,10208.23633,37648059389
12-02-20,10326.05469,43444303830
13-02-20,10214.37988,49356071373
14-02-20,10312.11621,43338264162
15-02-20,9889.424805,43865054831
16-02-20,9934.433594,43374780305
17-02-20,9690.142578,45998298413
18-02-20,10141.99609,47271023953
19-02-20,9633.386719,46992019710
20-02-20,9608.475586,44925260237
21-02-20,9686.441406,40930547513
22-02-20,9663.181641,35838025154
23-02-20,9924.515625,41185185761
24-02-20,9650.174805,45080496648
25-02-20,9341.705078,42515259129
26-02-20,8820.522461,50420050762
27-02-20,8784.494141,45470195695
28-02-20,8672.455078,44605450443
29-02-20,8599.508789,35792392544
01-03-20,8562.454102,35349164300
02-03-20,8869.669922,42857674409
03-03-20,8787.786133,42386715821
04-03-20,8755.246094,34746706368
05-03-20,9078.762695,39698054597
06-03-20,9122.545898,40826885651
07-03-20,8909.954102,36216930370
08-03-20,8108.116211,39973102121
09-03-20,7923.644531,46936995808
10-03-20,7909.729492,42213940994
11-03-20,7911.430176,38682762605
12-03-20,4970.788086,53980357243
13-03-20,5563.707031,74156772075
14-03-20,5200.366211,36154506008
15-03-20,5392.314941,33997889639
16-03-20,5014.47998,45368026430
17-03-20,5225.629395,38622642935
18-03-20,5238.438477,37878801016
19-03-20,6191.192871,51000731797
20-03-20,6198.77832,54442976103
21-03-20,6185.066406,42494390880
22-03-20,5830.254883,40099664740
23-03-20,6416.314941,46491916000
24-03-20,6734.803711,48221910672
25-03-20,6681.062988,44590107888
26-03-20,6716.44043,35319797642
27-03-20,6469.79834,34585598367
28-03-20,6242.193848,34885225901
29-03-20,5922.042969,28373690931
30-03-20,6429.841797,37101651525
31-03-20,6438.644531,32786468812
01-04-20,6606.776367,40346426266
02-04-20,6793.624512,47660646124
03-04-20,6733.387207,38976504903
04-04-20,6867.527344,33185988584
05-04-20,6791.129395,29510409856
06-04-20,7271.78125,46896904615
07-04-20,7176.414551,44243482668
08-04-20,7334.098633,37563249549
09-04-20,7302.089355,34815139178
10-04-20,6865.493164,43622840992
11-04-20,6859.083008,31222085946
12-04-20,6971.091797,35759567632
13-04-20,6845.037598,38619308647
14-04-20,6842.427734,34110434052
15-04-20,6642.109863,32288311031
16-04-20,7116.804199,46783242377
17-04-20,null,null
18-04-20,7257.665039,32447188386
19-04-20,7189.424805,31311210215
20-04-20,6881.958496,37747113936
21-04-20,6880.323242,32589741511
22-04-20,7117.20752,33249153866
23-04-20,7429.724609,43500782316
24-04-20,7550.900879,34636526286
25-04-20,7569.936035,32941541447
26-04-20,7679.867188,33070154491
27-04-20,7795.601074,36162144725
28-04-20,7807.058594,33187959921
29-04-20,8801.038086,60201052203
30-04-20,8658.553711,66964629541
01-05-20,8864.766602,44068389997
02-05-20,8988.59668,40134388683
03-05-20,8897.46875,47101785174
04-05-20,8912.654297,45718796276
05-05-20,9003.070313,43148462663
06-05-20,9268.761719,49371886931
07-05-20,9951.518555,61112700562
08-05-20,9842.666016,51780748042
09-05-20,9593.896484,46566121841
10-05-20,8756.430664,63325279337
11-05-20,8601.795898,57119858802
12-05-20,8804.477539,42142717533
13-05-20,9269.987305,45558144023
14-05-20,9733.72168,56426907637
15-05-20,9328.197266,48158802327
16-05-20,9377.013672,36164766408
17-05-20,9670.739258,40084250663
18-05-20,9726.575195,41827139896
19-05-20,9729.038086,39254288955
20-05-20,9522.981445,36546239703
21-05-20,9081.761719,39326160532
22-05-20,9182.577148,29810773699
23-05-20,9209.287109,27727866812
24-05-20,8790.368164,32518803300
25-05-20,8906.93457,31288157264
26-05-20,8835.052734,29584186947
27-05-20,9181.017578,32740536902
28-05-20,9525.750977,34367073114
29-05-20,9439.124023,32896642044
30-05-20,9700.414063,32722975141
31-05-20,9461.058594,27773290299
01-06-20,10167.26856,35198901068
02-06-20,9529.803711,39137252109
03-06-20,9656.717773,25007459262
04-06-20,9800.636719,25921805072
05-06-20,9665.533203,23509628646
06-06-20,9653.679688,20438419222
07-06-20,9758.852539,25015250846
08-06-20,9771.489258,21486346312
09-06-20,9795.700195,23717842783
10-06-20,9870.094727,25706567601
11-06-20,9321.78125,30247143440
12-06-20,9480.84375,22610564515
13-06-20,9475.277344,17564322315
14-06-20,9386.788086,18991732746
15-06-20,9450.702148,26699704768
16-06-20,9538.024414,21565537209
17-06-20,9480.254883,20177709879
18-06-20,9411.84082,17770083003
19-06-20,9288.018555,19632223107
20-06-20,9332.34082,17130541557
21-06-20,9303.629883,15324301169
22-06-20,9648.717773,21104009514
23-06-20,9629.658203,17006433272
24-06-20,9313.610352,18961716076
25-06-20,9264.813477,18616048626
26-06-20,9162.917969,18341465837
27-06-20,9045.390625,17273093144
28-06-20,9143.582031,14560870760
29-06-20,9190.854492,16460547078
30-06-20,9137.993164,15735797744
01-07-20,9228.325195,15971550355
02-07-20,9123.410156,16338916796
03-07-20,9087.303711,13078970999
04-07-20,9132.488281,12290528515
05-07-20,9073.942383,12903406143
06-07-20,9375.474609,17889263252
07-07-20,9252.277344,13839652595
08-07-20,9428.333008,19702359883
09-07-20,9277.967773,18000702524
10-07-20,9278.807617,16860035605
11-07-20,9240.34668,13249910444
12-07-20,9276.5,14452361907
13-07-20,9243.614258,17519821266
14-07-20,9243.213867,18085038362
15-07-20,9192.836914,15844731575
16-07-20,9132.227539,15713967523
17-07-20,9151.392578,13944570749
18-07-20,9159.040039,12252601475
19-07-20,9185.817383,12939002784
20-07-20,9164.231445,13755604146
21-07-20,9374.887695,18069581956
22-07-20,9525.363281,16532254884
23-07-20,9581.072266,18146399002
24-07-20,9536.892578,16552768325
25-07-20,9677.113281,16610070933
26-07-20,9905.166992,20507998997
27-07-20,10990.87305,35359749590
28-07-20,10912.82324,28766551142
29-07-20,11100.46777,24617249715
30-07-20,11111.21387,22857247901
31-07-20,11323.4668,23160469766
01-08-20,11759.59277,26075670303
02-08-20,11053.61426,27410067336
03-08-20,11246.34863,20271713443
04-08-20,11205.89258,21250197042
05-08-20,11747.02246,24411254471
06-08-20,11779.77344,23400740340
07-08-20,11601.47266,23132312867
08-08-20,11754.0459,17572057837
09-08-20,11675.73926,17489608833
10-08-20,11878.11133,26114112569
11-08-20,11410.52539,27039782640
12-08-20,11584.93457,25064548486
13-08-20,11784.1377,27522199497
14-08-20,11768.87109,24237958589
15-08-20,11865.69824,23354924400
16-08-20,11892.80371,20583375490
17-08-20,12254.40234,28227687027
18-08-20,11991.2334,26043227672
19-08-20,11758.2832,24502851117
20-08-20,11878.37207,20175242945
21-08-20,11592.48926,23762425999
22-08-20,11681.8252,20224191306
23-08-20,11664.84766,18482062658
24-08-20,11774.5957,20681511755
25-08-20,11366.13477,26301509932
26-08-20,11488.36328,22466660958
27-08-20,11323.39746,23240415076
28-08-20,11542.5,19807127588
29-08-20,11506.86523,17485597759
30-08-20,11711.50586,19760127945
31-08-20,11680.82031,22285928250
01-09-20,11970.47852,27311555343
02-09-20,11414.03418,28037405299
03-09-20,10245.29688,31927261555
04-09-20,10511.81348,29965130374
05-09-20,10169.56738,44916565292
06-09-20,10280.35156,37071460174
07-09-20,10369.56348,33703098409
08-09-20,10131.5166,33430927462
09-09-20,10242.34766,24128292755
10-09-20,10363.13867,54406443211
11-09-20,10400.91504,45201121775
12-09-20,10442.1709,36750077324
13-09-20,10323.75586,36506852789
14-09-20,10680.83789,35453581940
15-09-20,10796.95117,32509451925
16-09-20,10974.90527,30769986455
17-09-20,10948.99023,38151810523
18-09-20,10944.58594,26341903912
19-09-20,11094.34668,22764204008
20-09-20,10938.27148,24699523788
21-09-20,10462.25977,28884999244
22-09-20,10538.45996,23621787804
23-09-20,10225.86426,22986733997
24-09-20,10745.54883,23017536742
25-09-20,10702.29004,21232549821
26-09-20,10754.4375,18105012128
27-09-20,10774.42676,18016880214
28-09-20,10721.32715,22720365389
29-09-20,10848.83008,20459870042
30-09-20,10787.61816,20759622010
01-10-20,10623.33008,27178227816
02-10-20,10585.16406,23127839259
03-10-20,10565.49316,17094010304
04-10-20,10684.42871,17546792792
05-10-20,10804.00098,19385191766
06-10-20,10621.66406,22264958686
07-10-20,10679.13672,17634388529
08-10-20,10923.62793,21962121001
09-10-20,null,null
10-10-20,11296.36133,22877978588
11-10-20,11384.18164,19968627060
12-10-20,null,null
13-10-20,null,null
14-10-20,11429.50684,24103426719
15-10-20,11495.34961,24487233058
16-10-20,11322.12305,25635480772
17-10-20,11358.10156,19130430174
18-10-20,11483.35938,18283314340
19-10-20,11742.03711,23860769928
20-10-20,11916.33496,30915821592
21-10-20,12823.68945,43414712626
22-10-20,12965.8916,34729759598
23-10-20,12931.53906,28974975003
24-10-20,13108.0625,24542317940
25-10-20,13031.17383,24406920575
26-10-20,13075.24805,29461458313
27-10-20,13654.21875,33749878156
28-10-20,13271.28516,35867318895
29-10-20,13437.88281,56499499598
30-10-20,13546.52246,30581485201
31-10-20,13780.99512,30306464719
01-11-20,13737.10938,24453857900
02-11-20,13550.48926,30771455468
03-11-20,13950.30078,29869951617
04-11-20,14133.70703,35116364962
05-11-20,15579.84863,40856321439
06-11-20,15565.88086,39837841971
07-11-20,14833.75391,35024953706
08-11-20,15479.56738,26632075029
09-11-20,15332.31543,34149115566
10-11-20,15290.90234,25574938143
11-11-20,15701.33984,29772374934
12-11-20,16276.34375,34175758344
13-11-20,16317.80859,31599492172
14-11-20,16068.13867,27481710135
15-11-20,15955.58789,23653867583
16-11-20,16716.11133,31526766675
17-11-20,17645.40625,39006849170
18-11-20,17804.00586,49064800278
19-11-20,17817.08984,36985055355
20-11-20,18621.31445,36992873940
21-11-20,18642.23242,39650210707
22-11-20,18370.00195,41280434226
23-11-20,18364.12109,42741112308
24-11-20,19107.46484,51469565009
25-11-20,18732.12109,43710357371
26-11-20,17150.62305,61396835737
27-11-20,17108.40234,38886494645
28-11-20,17717.41406,32601040734
29-11-20,18177.48438,31133957704
30-11-20,19625.83594,47728480399
01-12-20,18802.99805,49633658712
02-12-20,19201.0918,37387697139
03-12-20,19445.39844,31930317405
04-12-20,18699.76563,33872388058
05-12-20,19154.23047,27242455064
06-12-20,19345.12109,25293775714
07-12-20,19191.63086,26896357742
08-12-20,18321.14453,31692288756
09-12-20,18553.91602,34420373071
10-12-20,18264.99219,25547132265
11-12-20,18058.9043,27919640985
12-12-20,18803.65625,21752580802
13-12-20,19142.38281,25450468637
14-12-20,19246.64453,22473997681
15-12-20,19417.07617,26741982541
16-12-20,21310.59766,44409011479
17-12-20,22805.16211,71378606374
18-12-20,23137.96094,40387896275
19-12-20,23869.83203,38487546580
20-12-20,23477.29492,37844228422
21-12-20,22803.08203,45852713981
22-12-20,23783.0293,44171632681
23-12-20,23241.3457,51146161904
24-12-20,23735.94922,41080759713
25-12-20,24664.79102,42068395846
26-12-20,26437.03711,48332647295
27-12-20,26272.29492,66479895605
28-12-20,27084.80859,49056742893
29-12-20,27362.4375,45265946774
30-12-20,28840.95313,51287442704
31-12-20,29001.7207,46754964848
01-01-21,29374.15234,40730301359
02-01-21,32127.26758,67865420765
03-01-21,32782.02344,78665235202
04-01-21,31971.91406,81163475344
05-01-21,33992.42969,67547324782
06-01-21,36824.36328,75289433811
07-01-21,39371.04297,84762141031
08-01-21,40797.60938,88107519480
09-01-21,40254.54688,61984162837
10-01-21,38356.44141,79980747690
11-01-21,35566.65625,1.23321E+11
12-01-21,33922.96094,74773277909
13-01-21,37316.35938,69364315979
14-01-21,39187.32813,63615990033
15-01-21,36825.36719,67760757881
16-01-21,36178.14063,57706187875
17-01-21,35791.27734,52359854336
18-01-21,36630.07422,49511702429
19-01-21,36069.80469,57244195486
20-01-21,35547.75,66834573161
21-01-21,30825.69922,75643067688
22-01-21,33005.76172,77207272511
23-01-21,32067.64258,48354737975
24-01-21,32289.37891,48643830599
25-01-21,32366.39258,59897054838
26-01-21,32569.84961,60255421470
27-01-21,30432.54688,62576762015
28-01-21,31649.60547,78948162368
29-01-21,34316.38672,1.17895E+11
30-01-21,34269.52344,65141828798
31-01-21,33114.35938,52754542671
01-02-21,33537.17578,61400400660
02-02-21,35510.28906,63088585433
03-02-21,37472.08984,61166818159
04-02-21,36926.06641,68838074392
05-02-21,38144.30859,58598066402
06-02-21,39266.01172,71326033653
07-02-21,38903.44141,65500641143
08-02-21,46196.46484,1.01467E+11
09-02-21,46481.10547,91809846886
10-02-21,44918.18359,87301089896
11-02-21,47909.33203,81388911810
12-02-21,47504.85156,76555041196
13-02-21,47105.51563,70250456155
14-02-21,48717.28906,71248675228
15-02-21,47945.05859,77069903166
16-02-21,49199.87109,77049582886
17-02-21,52149.00781,80820545404
18-02-21,51679.79688,52054723579
19-02-21,55888.13281,63495496918
20-02-21,56099.51953,68145460026
21-02-21,57539.94531,51897585191
22-02-21,54207.32031,92052420332
23-02-21,48824.42578,1.06102E+11
24-02-21,49705.33203,63695521388
25-02-21,47093.85156,54506565949
26-02-21,46339.76172,3.50968E+11
27-02-21,46188.45313,45910946382
28-02-21,45137.76953,53443887451
01-03-21,49631.24219,53891300112
02-03-21,48378.98828,47530897720
03-03-21,50538.24219,53220811975
04-03-21,48561.16797,52343816680
05-03-21,48927.30469,48625928883
06-03-21,48912.38281,34363564661
07-03-21,51206.69141,43137459378
08-03-21,52246.52344,48597428048
09-03-21,54824.11719,50912227385
10-03-21,56008.55078,57295577614
11-03-21,57805.12109,56772343595
12-03-21,57332.08984,55689944702
13-03-21,61243.08594,60669829814
14-03-21,59302.31641,43901225564
15-03-21,55907.19922,66419369890
16-03-21,56804.90234,59749798599
17-03-21,58870.89453,60258313191
18-03-21,57858.92188,55746041000
19-03-21,58346.65234,49063873786
20-03-21,58313.64453,50361731222
21-03-21,57523.42188,51943414539
22-03-21,54529.14453,56521454974
23-03-21,54738.94531,56435023914
24-03-21,52774.26563,70567223787
25-03-21,51704.16016,67999812841
26-03-21,55137.3125,56652197978
27-03-21,55973.51172,47266542233
28-03-21,55950.74609,47686580918
29-03-21,57750.19922,57625587027
30-03-21,58917.69141,54414116432
31-03-21,58918.83203,65520826225
01-04-21,59095.80859,61669163792
02-04-21,59384.3125,58727860620
03-04-21,57603.89063,59641344484
04-04-21,58758.55469,50749662970
05-04-21,59057.87891,60706272115
06-04-21,58192.35938,66058027988
07-04-21,56048.9375,75645303584
08-04-21,58323.95313,53053855641
09-04-21,58245.00391,46655208546
10-04-21,59793.23438,58238470525
11-04-21,60204.96484,46280252580
12-04-21,59893.45313,51828688519
13-04-21,63503.45703,69983454362
14-04-21,63109.69531,77451779687
15-04-21,63314.01172,60954381579
16-04-21,61572.78906,84293007468
17-04-21,60683.82031,66138759198
18-04-21,56216.18359,97468872758
19-04-21,55724.26563,65344865159
20-04-21,56473.03125,67849323955
21-04-21,53906.08984,54926612466
22-04-21,51762.27344,74798630778
23-04-21,51093.65234,86668667320
24-04-21,50050.86719,49014494781
25-04-21,49004.25391,46117114240
26-04-21,54021.75391,58284039825
27-04-21,55033.11719,49448222757
28-04-21,54824.70313,48000572955
29-04-21,53555.10938,46088929780
30-04-21,57750.17578,52395931985
01-05-21,57828.05078,42836427360
02-05-21,56631.07813,38177405335
03-05-21,57200.29297,51713139031
04-05-21,53333.53906,68564706967
05-05-21,57424.00781,69241316747
06-05-21,56396.51563,69523285106
07-05-21,57356.40234,68434023376
08-05-21,58803.77734,65382980634
09-05-21,58232.31641,65906690347
10-05-21,55859.79688,71776546298
11-05-21,56704.57422,61308396325
12-05-21,49150.53516,75215403907
13-05-21,49716.19141,96721152926
14-05-21,49880.53516,55737497453
15-05-21,46760.1875,59161047474
16-05-21,46456.05859,64047871555
17-05-21,43537.51172,74903638450
18-05-21,42909.40234,56187365084
19-05-21,37002.44141,1.26358E+11
20-05-21,40782.73828,88281943359
21-05-21,37304.69141,82051616861
22-05-21,37536.63281,57377273240
23-05-21,34770.58203,78469274361
24-05-21,38705.98047,67359584098
25-05-21,38402.22266,56211915803
26-05-21,39294.19922,51346735160
27-05-21,38436.96875,43210968721
28-05-21,35697.60547,55200191952
29-05-21,34616.06641,45231013335
30-05-21,35678.12891,31646080921
31-05-21,37332.85547,39009847639
01-06-21,36684.92578,34639423297
02-06-21,37575.17969,33070867190
03-06-21,39208.76563,35460750427
04-06-21,36894.40625,41831090187
05-06-21,35551.95703,35959473399
06-06-21,35862.37891,28913440585
07-06-21,33560.70703,33683936663
08-06-21,33472.63281,49902050442
09-06-21,37345.12109,53972919008
10-06-21,36702.59766,43576032854
11-06-21,37334.39844,38699736985
12-06-21,35552.51563,37924228550
13-06-21,39097.85938,40669112838
14-06-21,40218.47656,43148914673
15-06-21,40406.26953,46420149185
16-06-21,38347.0625,39211635100
17-06-21,38053.50391,37096670047
18-06-21,35787.24609,36200887275
19-06-21,35615.87109,31207279719
20-06-21,35698.29688,36664034054
21-06-21,31676.69336,52809038594
22-06-21,32505.66016,58964353058
23-06-21,33723.02734,46317108925
24-06-21,34662.4375,33123368116
25-06-21,31637.7793,40230904226
26-06-21,32186.27734,38585385521
27-06-21,34649.64453,35511640894
28-06-21,34434.33594,33892523752
29-06-21,35867.77734,37901460044
30-06-21,35040.83594,34059036099
01-07-21,33572.11719,37838957079
02-07-21,33897.04688,38728974942
03-07-21,34668.54688,24383958643
04-07-21,35287.78125,24924307911
05-07-21,33734,27686776832
